

INSERT INTO `registration_report` (`form_info_id`, `form_title`, `unverified`,`stamped`,`registered`,`processed`,`verified`, `total`) VALUES
	("1", 'जन्म दर्ता', 0, 0, 0, 0, 0, 0),
	("2", 'जिवित सँगको नाता प्रमाणित', 0, 0, 0, 0, 0, 0),
	("3", 'मृतक सँगको नाता प्रमाणित', 0, 0, 0, 0, 0, 0),
	("4", 'विवाह दर्ता', 0, 0, 0, 0, 0, 0),
	("5", 'मृत्यु दर्ता', 0, 0, 0, 0, 0, 0),
	("6", 'सम्बन्ध विच्छेद दर्ता', 0, 0, 0, 0, 0, 0),
	("7", 'अपाङ्ग सिफारिस', 0, 0, 0, 0, 0, 0),
	("8", 'विवाह प्रमाणित', 0, 0, 0, 0, 0, 0),
    ("9", "विजिवित रहेको सिफारिस", 0, 0, 0, 0, 0, 0),
    ("10", "विपन्न विद्यार्थी छात्रबृत्ति सिफारिस", 0, 0, 0, 0, 0, 0),
    ("11", "छात्रबृत्ति सिफारिस ", 0, 0, 0, 0, 0, 0),
    ("12", "जन्म मिति प्रमाणित", 0, 0, 0, 0, 0, 0),
    ("13", "स्थायी बसोबास सिफारिस", 0, 0, 0, 0, 0, 0),
    ("14", "धारा जडान सिफारिस", 0, 0, 0, 0, 0, 0),
    ("15", "जग्गा रेखांकनको कार्य/सो कार्यमा रोहबर ", 0, 0, 0, 0, 0, 0),
    ("16", "घर कायम सिफारिस", 0, 0, 0, 0, 0, 0),
    ("17", "आर्थिक अवस्था कमजोर वा विपन्नता प्रमाणित", 0, 0, 0, 0, 0, 0),
    ("18", "अंग्रेजी सिफारिस तथा प्रमाणित", 0, 0, 0, 0, 0, 0),
    ("19", "कागज/मञ्जुरीनामा प्रमाणित", 0, 0, 0, 0, 0, 0),
    ("20", "घर पाताल प्रमाणित", 0, 0, 0, 0, 0, 0),
    ("21", "विद्युत जडान सिफारिस", 0, 0, 0, 0, 0, 0),
    ("22", "दुवै नाम गरेको ब्यक्ति एकै हो भन्ने सिफारिस", 0, 0, 0, 0, 0, 0),
    ("23", "ब्यवसाय सञ्चालन नभएको सिफारिस", 0, 0, 0, 0, 0, 0),
    ("24", "जग्गा धनीपूर्जा हराएको सिफारिस", 0, 0, 0, 0, 0, 0),
    ("25", "कोठा खोल्न कार्य/रोहबरमा बस्ने कार्य", 0, 0, 0, 0, 0, 0),
    ("26", "नेपाल सरकारको नाममा बाटो कायम सिफारिस", 0, 0, 0, 0, 0, 0),
	("27", 'संरक्षक सिफारिस (ब्यक्तिगत)', 0, 0, 0, 0, 0, 0),
	("28", 'संरक्षक सिफारिस (संस्थागत)', 0, 0, 0, 0, 0, 0),
	("29", 'ब्यक्तिगत विवरण सिफारिस', 0, 0, 0, 0, 0, 0),
	("30", 'विद्यालय ठाउंसारी सिफारिस', 0, 0, 0, 0, 0, 0),
	("31", 'उद्योग ठाउंसारी सिफारिस', 0, 0, 0, 0, 0, 0),
	("32", 'मोही लगत कट्टा सिफारिस', 0, 0, 0, 0, 0, 0),
	("33", 'घर जग्गा नामसारी सिफारिस', 0, 0, 0, 0, 0, 0),
	("34", 'घर बाटो प्रमाणित', 0, 0, 0, 0, 0, 0),
	("35", 'मालपोत वा भूमीकर', 0, 0, 0, 0, 0, 0),
	("36", 'विज्ञापन कर', 0, 0, 0, 0, 0, 0),
	("37", 'मिलापत्र कागज / उजुरी दर्ता ', 0, 0, 0, 0, 0, 0),
	("38", 'चार किल्ला प्रमाणित', 0, 0, 0, 0, 0, 0),
    ("39", 'संस्था दर्ता सिफारिस', 0, 0, 0, 0, 0, 0),
	("40", 'निःशुल्क वा सःशुल्क स्वास्थ्य उपचार सिफारिस', 0, 0, 0, 0, 0, 0),
	("41", 'विद्यालय सञ्चालन स्वीकृत/कक्षा बृद्धि सिफारिस ', 0, 0, 0, 0, 0, 0),
	("42", 'अस्थाई बसोबास सिफारिस', 0, 0, 0, 0, 0, 0),
	("43", 'कोर्ट फि मिनाहा सिफारिस', 0, 0, 0, 0, 0, 0),
	("44", 'ब्यवसाय बन्द सिफारिस', 0, 0, 0, 0, 0, 0),
	("45", 'अंगिकृत नागरिकता', 0, 0, 0, 0, 0, 0),
	("46", 'नागरिकता र प्रतिलिपि सिफारिस', 0, 0, 0, 0, 0, 0),
	("47", 'आन्तरिक बसाई सराई सिफारिस', 0, 0, 0, 0, 0, 0),
	("48", 'ब्यवसाय दर्ता सिफारिस', 0, 0, 0, 0, 0, 0),
	("49", 'चौपाय सम्वन्धी सिफारिस', 0, 0, 0, 0, 0, 0),
	("50", 'अन्य कार्यालयको माग अनुसार विवरण खुलाई पठाउने कार्य', 0, 0, 0, 0, 0, 0);


INSERT INTO `form_info` (`form_type`, `form_description`) VALUES
    ("egovernance_birth_certificate", "जन्म दर्ता"),
    ("egovernance_relationship_living", "जिवित सँगको नाता प्रमाणित "),
    ("egovernance_relationship_deceased", "मृतक सँगको नाता प्रमाणित "),
    ("egovernance_marriage_certificate", "विवाह दर्ता"),
    ("egovernance_death_certificate", "मृत्यु दर्ता"),
    ("egovernance_divorce_certificate", "सम्बन्ध विच्छेद दर्ता"),
    ("egovernance_disabled_certificate", "अपाङ्ग सिफारिस"),
    ("egovernance_marriage_verification", "विवाह प्रमाणित"),
    ("egovernance_alive_certificate", "विपन्न विद्यार्थी छात्रबृत्ति सिफारिस"),
    ("egovernance_minor_certificate", "विपन्न विद्यार्थी छात्रबृत्ति सिफारिस"),
    ("egovernance_scholarship_certificate", "छात्रबृत्ति सिफारिस "),
    ("egovernance_birth_verification", "जन्म मिति प्रमाणित"),
    ("egovernance_permanent_residence", "स्थायी बसोबास सिफारिस"),
    ("egovernance_pipeline_connection", "धारा जडान सिफारिस"),
    ("egovernance_land_marking", "जग्गा रेखांकनको कार्य/सो कार्यमा रोहबर "),
    ("egovernance_ghar_kayam", "घर कायम सिफारिस"),
    ("egovernance_poor_economy", "आर्थिक अवस्था कमजोर वा विपन्नता प्रमाणित"),
    ("egovernance_english_verification", "अंग्रेजी सिफारिस तथा प्रमाणित"),
    ("egovernance_manjurinama_verification", "कागज/मञ्जुरीनामा प्रमाणित"),
    ("egovernance_ghar_patal", "घर पाताल प्रमाणित"),
    ("egovernance_electricity_connection", "विद्युत जडान सिफारिस"),
    ("egovernance_two_names", "दुवै नाम गरेको ब्यक्ति एकै हो भन्ने सिफारिस"),
    ("egovernance_business_not_operating", "ब्यवसाय सञ्चालन नभएको सिफारिस"),
    ("egovernance_land_dhanipurja", "जग्गा धनीपूर्जा हराएको सिफारिस"),
    ("egovernance_कोठा_खोल्न_कार्य", "कोठा खोल्न कार्य/रोहबरमा बस्ने कार्य"),
    ("egovernance_बाटो_कायम", "नेपाल सरकारको नाममा बाटो कायम सिफारिस"),
    ("egovernance_संरक्षक_व्यक्तिगत", "संरक्षक सिफारिस (ब्यक्तिगत)"),
    ("egovernance_संरक्षक_संस्थागत", "संरक्षक सिफारिस (संस्थागत)"),
    ("egovernance_व्यक्तिगत_विवरण", "ब्यक्तिगत विवरण सिफारिस"),
    ("egovernance_विद्यालय_ठाउँसारी", "विद्यालय ठाउंसारी सिफारिस"),
    ("egovernance_उद्योग_ठाउँसारी", "उद्योग ठाउंसारी सिफारिस"),
    ("egovernance_mohi_lagat", "मोही लगत कट्टा सिफारिस"),
    ("egovernance_house_land_transfer", "घर जग्गा नामसारी सिफारिस"),
    ("egovernance_home_road", "घर बाटो प्रमाणित"),
    ("egovernance_मालपोत_भूमिकर", "मालपोत वा भूमीकर"),
    ("egovernance_advertisement_tax", "विज्ञापन कर"),
    ("egovernance_reconciliation_paper", "मिलापत्र कागज / उजुरी दर्ता "),
    ("egovernance_चार_कल्ला", "चार किल्ला प्रमाणित"),
    ("egovernance_institution_register", "संस्था दर्ता सिफारिस"),
    ("egovernance_free_healthcare", "निःशुल्क वा सःशुल्क स्वास्थ्य उपचार सिफारिस"),
    ("egovernance_school_operation", "विद्यालय सञ्चालन स्वीकृत/कक्षा बृद्धि सिफारिस "),
    ("egovernance_internal_residence", "अस्थाई बसोबास सिफारिस"),
    ("egovernance_court_fee", "कोर्ट फि मिनाहा सिफारिस"),
    ("egovernance_business_closure", "ब्यवसाय बन्द सिफारिस"),
    ("egovernance_angikrit_citizenship", "अंगिकृत नागरिकता"),
    ("egovernance_citizenship_and_copy", "नागरिकता र प्रतिलिपि सिफारिस"),
    ("egovernance_resettlement_register", "आन्तरिक बसाई सराई सिफारिस"),
    ("egovernance_business_register", "ब्यवसाय दर्ता सिफारिस"),
    ("egovernance_quadruped", "चौपाय सम्वन्धी सिफारिस"),
    ("egovernance_details_disclosure", "अन्य कार्यालयको माग अनुसार विवरण खुलाई पठाउने कार्य");


INSERT INTO `role` (`id`, `role`, `role_nepali`) VALUES
    (1, 'SUPER_ADMIN','सुपर एडमिन' ),
    (2, 'CENTRAL_ADMIN', 'केन्द्रिय एडमिन'),
	(3, 'WARD_ADMIN', 'वडा एडमिन'),
	(4, 'SURVEYOR', 'तथ्यांक संकलक'),
	(5, 'WARD_SECRETARY', 'वडा सचिव'),
	(6, 'REGISTRAR', 'रजिस्ट्रार'),
	(7, 'PRINTER', 'प्रिन्टर');

INSERT INTO `user_role`(`user_id`, `role_id`) VALUES (1, 1);
INSERT INTO `user_role`(`user_id`, `role_id`) VALUES (2, 3);
INSERT INTO `user_role`(`user_id`, `role_id`) VALUES (3, 1);
INSERT INTO `user_role`(`user_id`, `role_id`) VALUES (4, 2);
INSERT INTO `user_role`(`user_id`, `role_id`) VALUES (5, 3);
INSERT INTO `user_role`(`user_id`, `role_id`) VALUES (6, 4);
INSERT INTO `user_role`(`user_id`, `role_id`) VALUES (7, 5);
INSERT INTO `user_role`(`user_id`, `role_id`) VALUES (8, 6);
INSERT INTO `user_role`(`user_id`, `role_id`) VALUES (9, 7);

INSERT INTO `user` (`id`, `full_name`, `username`, `email`, `password`, `mobile_number`, `locked`, `first_login`, `enabled`, `expired`, `registered_date`, `ward_no`)
 VALUES
(1, 'Umesh Bhujel', 'yoomes', 'yoomesbhujel@gmail.com', '$2a$11$H9wDLxAPTX5qp0doFKank.w6vgB7xPo1CJojH2AC0ovBY4Iu31oTS', '9849931288', 0, 0, 1, 0, CURRENT_TIMESTAMP(), 0),
(2, 'Pujan KC', 'pujanov', 'pujanov69@gmail.com', '$2a$11$H9wDLxAPTX5qp0doFKank.w6vgB7xPo1CJojH2AC0ovBY4Iu31oTS', '9849399058', 0, 0, 1, 0, CURRENT_TIMESTAMP(), 1),
(3, 'Demo SuperAdmin', 'demosuperadmin', 'demosuperadmin@gmail.com', '$2a$11$H9wDLxAPTX5qp0doFKank.w6vgB7xPo1CJojH2AC0ovBY4Iu31oTS', '9849399051', 0, 0, 1, 0, CURRENT_TIMESTAMP(), 0),
(4, 'Demo CentralAdmin', 'democentraladmin', 'democentraladmin@gmail.com', '$2a$11$H9wDLxAPTX5qp0doFKank.w6vgB7xPo1CJojH2AC0ovBY4Iu31oTS', '9849399052', 0, 0, 1, 0, CURRENT_TIMESTAMP(), 1),
(5, 'Demo WardAdmin', 'demowardadmin', 'demowardadmin@gmail.com', '$2a$11$H9wDLxAPTX5qp0doFKank.w6vgB7xPo1CJojH2AC0ovBY4Iu31oTS', '9849399053', 0, 0, 1, 0, CURRENT_TIMESTAMP(), 1),
(6, 'Demo Surveyor', 'demosurveyor', 'demosurveyor@gmail.com', '$2a$11$H9wDLxAPTX5qp0doFKank.w6vgB7xPo1CJojH2AC0ovBY4Iu31oTS', '9849399054', 0, 0, 1, 0, CURRENT_TIMESTAMP(), 1),
(7, 'Demo WardSecretary', 'demowardsecretary', 'demowardsecretary@gmail.com', '$2a$11$H9wDLxAPTX5qp0doFKank.w6vgB7xPo1CJojH2AC0ovBY4Iu31oTS', '9849399055', 0, 0, 1, 0, CURRENT_TIMESTAMP(), 1),
(8, 'Demo Registrar', 'demoregistrar', 'demoregistrar@gmail.com', '$2a$11$H9wDLxAPTX5qp0doFKank.w6vgB7xPo1CJojH2AC0ovBY4Iu31oTS', '9849399056', 0, 0, 1, 0, CURRENT_TIMESTAMP(), 1),
(9, 'Demo Printer', 'demoprinter', 'demoprinter@gmail.com', '$2a$11$H9wDLxAPTX5qp0doFKank.w6vgB7xPo1CJojH2AC0ovBY4Iu31oTS', '9849399059', 0, 0, 1, 0, CURRENT_TIMESTAMP(), 1);


INSERT INTO `forms_table` (`form_id`,`form_name`,`form_table`)
VALUES
('1','birthcertificate','birthcertificate'),
('2','alivecertificate','alivecertificate');

INSERT INTO `element_type` (`type_id`, `type_name`) VALUES ('1', 'TEXT');
INSERT INTO `element_type` (`type_id`, `type_name`) VALUES ('2', 'NUMBER');
INSERT INTO `element_type` (`type_id`, `type_name`) VALUES ('3', 'DATE');
INSERT INTO `element_type` (`type_id`, `type_name`) VALUES ('4', 'IMAGE');
INSERT INTO `element_type` (`type_id`, `type_name`) VALUES ('5', 'MULTI_TEXT');
INSERT INTO `element_type` (`type_id`, `type_name`) VALUES ('6', 'DROPDOWN');
INSERT INTO `element_type` (`type_id`, `type_name`) VALUES ('7', 'DISTRICT');
INSERT INTO `element_type` (`type_id`, `type_name`) VALUES ('8', 'WARD');